{
  "mae": 1.821254171694575,
  "rmse": 16.877073798438676,
  "r2": 0.9600659965001179,
  "mape": 0.013755315214069423
}