season,meeting_key,meeting_name,session_key,session_name,driver_number,driver_name,team_name,lap_number,lap_duration,duration_sector_1,duration_sector_2,duration_sector_3,i1_speed,i2_speed,st_speed,is_pit_out_lap,stint_number,compound,stint_lap_start,stint_lap_end,tyre_age_at_start,tyre_age_at_lap,avg_speed,max_speed,min_speed,speed_std,avg_rpm,max_rpm,min_rpm,rpm_std,avg_throttle,max_throttle,min_throttle,throttle_std,full_throttle_pct,brake_pct,brake_events,hard_brake_events,drs_pct,gear_changes,distance_traveled,trajectory_length,trajectory_variation,telemetry_points,trajectory_points,has_telemetry,has_trajectory
2024,1231,Australian Grand Prix,9488,Race,1,Max VERSTAPPEN,Red Bull Racing,1,87.921,33.941,18.462,35.518,278,285,238,False,1,MEDIUM,1,3,0,0.0,215.8435582822086,297.0,0.0,66.83366913218154,10375.898773006134,11886.0,4057.0,1225.2718161679175,75.29754601226993,100.0,0.0,39.32646660422267,0.6441717791411042,0.1411042944785276,8,8,1.0,37,52698.48545305101,52698.48545305101,1.7657366618781518,326,319,True,True
2024,1231,Australian Grand Prix,9488,Race,1,Max VERSTAPPEN,Red Bull Racing,2,84.099,29.623,18.375,36.101,273,297,281,False,1,MEDIUM,1,3,0,1.0,224.68615384615384,302.0,80.0,61.340963542187865,10463.541538461539,11796.0,5783.0,1210.0928186767405,74.20615384615385,100.0,0.0,40.44974803353325,0.6430769230769231,0.16,8,8,0.15692307692307692,34,52117.307876483144,52117.307876483144,1.785389980545123,325,311,True,True
2024,1231,Australian Grand Prix,9488,Race,1,Max VERSTAPPEN,Red Bull Racing,3,83.115,28.793,18.573,35.749,275,314,305,False,1,MEDIUM,1,3,0,2.0,227.07142857142858,320.0,88.0,61.959798555915384,10454.689440993789,11894.0,6414.0,1102.1079758851333,73.71739130434783,100.0,0.0,40.52800897166206,0.6366459627329193,0.16459627329192547,9,9,0.5434782608695652,36,52197.89312598808,52197.89312598808,1.771066311387306,322,321,True,True
