{
  "mae": 0.1789567105215906,
  "rmse": 0.23123381116728084,
  "r2": 0.35679322831454163,
  "mape": 15534933.747758199,
  "rank_spearman_mean": 0.593811735220404
}