{
  "mae": 1.8212541716945743,
  "rmse": 16.877073798438676,
  "r2": 0.9600659965001179,
  "mape": 0.013755315214069416,
  "rank_meeting_count": 14.0,
  "rank_spearman_mean": 0.9317084728628293,
  "rank_ndcg_mean": 0.9999485998500229,
  "rank_driver_mean": 18.571428571428573
}