{
  "mae": 4.556277886696947,
  "rmse": 57.710566673755075,
  "r2": 0.769029026848632,
  "mape": 61548291.16024647
}